GOODM+GOODO+GOODP+GAIN+GAINM+GAINN+GAINO+LAND+LANDP+GLBZ+GBT+GLBR+ENT+GBLI+GBLIL+GBLIZ+GPAC+GPACU+GPACW+SELF+GWRS+KRMA+FINX+BFIT+SNSR+LNGR+MILN+EFAS+QQQC+BOTZ+CATH+SOCL+ALTY+SRET+YLCO+GLBS+GLUU+GLYC+GOGO+GLNG+GMLP+GDEN+GOGL+GBDC+GTIM+GPRO+GSHT+GSHTU+GSHTW+GOV