MSON+MIND+MINDP+MITK+MITL+MKSI+MMAC+MINI+MOBL+MMDM+MMDMR+MMDMU+MMDMW+MLNK+MTEM+MBRX+MNTA+MOMO+MCRI+MDLZ+MGI+MPWR+TYPE+MNRO+MRCC+MNST+MSDI+MSDIW+MORN+MOSY+MOTA+MTFB+MTFBW+MPAA+MPVD+MOXC+MRIC+MSBF+MSG+MTGE+MTGEP+MTSC+LABL+MBIO+MFSF+MYSZ+MYL+MYND+MYNDW+MYOK